Series Name,Series Code,Country Name,Country Code,1990 [YR1990],2000 [YR2000],2011 [YR2011],2012 [YR2012],2013 [YR2013],2014 [YR2014],2015 [YR2015],2016 [YR2016],2017 [YR2017],2018 [YR2018],2019 [YR2019],2020 [YR2020]
"Unemployment, total (% of total labor force) (national estimate)",SL.UEM.TOTL.NE.ZS,Afghanistan,AFG,..,..,..,1.69,..,7.91,..,..,11.18,..,..,11.71
"Unemployment, total (% of total labor force) (national estimate)",SL.UEM.TOTL.NE.ZS,Albania,ALB,9.5,16.8,13.48,13.38,15.87,18.05,17.19,15.42,13.62,12.3,11.47,..
"Unemployment, total (% of total labor force) (national estimate)",SL.UEM.TOTL.NE.ZS,Algeria,DZA,21.26,29.77,9.96,10.97,9.82,10.21,11.21,10.2,13.57,..,..,..
"Unemployment, total (% of total labor force) (national estimate)",SL.UEM.TOTL.NE.ZS,American Samoa,ASM,5.11,5.05,..,..,..,..,..,..,..,..,..,..
"Unemployment, total (% of total labor force) (national estimate)",SL.UEM.TOTL.NE.ZS,Andorra,AND,..,..,..,..,..,..,..,..,..,..,..,..
"Unemployment, total (% of total labor force) (national estimate)",SL.UEM.TOTL.NE.ZS,Angola,AGO,..,..,7.36,..,..,9.58,..,..,..,..,..,..
"Unemployment, total (% of total labor force) (national estimate)",SL.UEM.TOTL.NE.ZS,Antigua and Barbuda,ATG,..,..,..,..,..,..,..,..,..,..,..,..
"Unemployment, total (% of total labor force) (national estimate)",SL.UEM.TOTL.NE.ZS,Argentina,ARG,7.06,15,7.18,7.22,7.1,7.27,..,..,8.35,9.22,9.84,..
"Unemployment, total (% of total labor force) (national estimate)",SL.UEM.TOTL.NE.ZS,Armenia,ARM,..,..,18.44,17.3,16.18,17.5,18.26,17.62,17.7,18.97,18.3,..
"Unemployment, total (% of total labor force) (national estimate)",SL.UEM.TOTL.NE.ZS,Aruba,ABW,..,6.92,8.9,..,..,..,..,..,..,..,..,..
"Unemployment, total (% of total labor force) (national estimate)",SL.UEM.TOTL.NE.ZS,Australia,AUS,6.93,6.28,5.08,5.22,5.66,6.08,6.05,5.71,5.59,5.3,5.16,6.46
"Unemployment, total (% of total labor force) (national estimate)",SL.UEM.TOTL.NE.ZS,Austria,AUT,3.25,4.69,4.56,4.87,5.33,5.62,5.72,6.01,5.5,4.85,4.49,5.36
"Unemployment, total (% of total labor force) (national estimate)",SL.UEM.TOTL.NE.ZS,Azerbaijan,AZE,..,11.78,5.42,5.19,4.97,4.91,4.96,5,5,4.9,4.85,..
"Unemployment, total (% of total labor force) (national estimate)",SL.UEM.TOTL.NE.ZS,"Bahamas, The",BHS,7.77,..,14.52,14.02,16.18,13.8,12,12.7,9.8,10,..,..
"Unemployment, total (% of total labor force) (national estimate)",SL.UEM.TOTL.NE.ZS,Bahrain,BHR,..,..,4,1.2,..,..,..,..,..,..,..,..
"Unemployment, total (% of total labor force) (national estimate)",SL.UEM.TOTL.NE.ZS,Bangladesh,BGD,..,3.27,..,..,4.43,..,..,4.35,4.37,..,..,..
"Unemployment, total (% of total labor force) (national estimate)",SL.UEM.TOTL.NE.ZS,Barbados,BRB,8.16,9.35,11.1899995803833,11.5900001525879,11.55,12.17,9.8,8.25,8.62,8.32,8.41,..
"Unemployment, total (% of total labor force) (national estimate)",SL.UEM.TOTL.NE.ZS,Belarus,BLR,..,2.1,0.6,0.5,0.5,0.5,1,5.84,5.65,4.76,4.16,..
"Unemployment, total (% of total labor force) (national estimate)",SL.UEM.TOTL.NE.ZS,Belgium,BEL,7.25,6.59,7.14,7.54,8.43,8.52,8.48,7.83,7.09,5.95,5.36,5.55
"Unemployment, total (% of total labor force) (national estimate)",SL.UEM.TOTL.NE.ZS,Belize,BLZ,..,..,..,..,8.35,8.24,7.58,7,6.6,..,9.05,..
"Unemployment, total (% of total labor force) (national estimate)",SL.UEM.TOTL.NE.ZS,Benin,BEN,..,..,2.65,..,..,..,..,..,..,..,..,..
"Unemployment, total (% of total labor force) (national estimate)",SL.UEM.TOTL.NE.ZS,Bermuda,BMU,..,2.71,..,8.44,6.66,8.94,..,..,..,..,..,..
"Unemployment, total (% of total labor force) (national estimate)",SL.UEM.TOTL.NE.ZS,Bhutan,BTN,..,..,3.23,2.05,2.87,2.63,2.45,..,..,..,..,..
"Unemployment, total (% of total labor force) (national estimate)",SL.UEM.TOTL.NE.ZS,Bolivia,BOL,6.69,4.47,2.25,2.07,2.44,2.02,3.11,3.5,3.65,3.52,3.82,7.9
"Unemployment, total (% of total labor force) (national estimate)",SL.UEM.TOTL.NE.ZS,Bosnia and Herzegovina,BIH,..,..,27.58,28.01,27.49,27.52,27.69,25.41,20.53,18.4,15.69,15.87
"Unemployment, total (% of total labor force) (national estimate)",SL.UEM.TOTL.NE.ZS,Botswana,BWA,..,15.88,..,..,..,..,..,..,..,..,22.61,..
"Unemployment, total (% of total labor force) (national estimate)",SL.UEM.TOTL.NE.ZS,Brazil,BRA,3.69,..,6.92,7.19,6.98,6.66,8.43,11.6,12.82,12.33,11.93,13.69
"Unemployment, total (% of total labor force) (national estimate)",SL.UEM.TOTL.NE.ZS,British Virgin Islands,VGB,..,..,..,..,..,..,..,..,..,..,..,..
"Unemployment, total (% of total labor force) (national estimate)",SL.UEM.TOTL.NE.ZS,Brunei Darussalam,BRN,..,..,..,..,..,6.97,..,..,9.32,8.7,6.92,..
"Unemployment, total (% of total labor force) (national estimate)",SL.UEM.TOTL.NE.ZS,Bulgaria,BGR,1.7,16.22,11.26,12.27,12.94,11.42,9.14,7.57,6.16,5.21,4.23,5.12
"Unemployment, total (% of total labor force) (national estimate)",SL.UEM.TOTL.NE.ZS,Burkina Faso,BFA,..,..,..,..,..,6.48,..,..,..,4.69,..,..
"Unemployment, total (% of total labor force) (national estimate)",SL.UEM.TOTL.NE.ZS,Burundi,BDI,0.48,..,..,..,..,1.57,..,..,..,..,..,..
"Unemployment, total (% of total labor force) (national estimate)",SL.UEM.TOTL.NE.ZS,Cabo Verde,CPV,23,..,..,..,..,..,31.31,..,12.24,12.17,11.29,..
"Unemployment, total (% of total labor force) (national estimate)",SL.UEM.TOTL.NE.ZS,Cambodia,KHM,..,2.76,0.58,1.28,0.44,0.69,0.39,0.72,0.14,..,..,..
"Unemployment, total (% of total labor force) (national estimate)",SL.UEM.TOTL.NE.ZS,Cameroon,CMR,..,..,..,..,..,3.53,..,..,..,..,..,..
"Unemployment, total (% of total labor force) (national estimate)",SL.UEM.TOTL.NE.ZS,Canada,CAN,8.13,6.83,7.51,7.29,7.07,6.91,6.91,7,6.34,5.83,5.66,9.46
"Unemployment, total (% of total labor force) (national estimate)",SL.UEM.TOTL.NE.ZS,Cayman Islands,CYM,..,..,6.78,6.21,6.27,4.7,4.24,..,..,..,..,..
"Unemployment, total (% of total labor force) (national estimate)",SL.UEM.TOTL.NE.ZS,Central African Republic,CAF,..,..,..,..,..,..,..,..,..,..,..,..
"Unemployment, total (% of total labor force) (national estimate)",SL.UEM.TOTL.NE.ZS,Chad,TCD,..,..,..,..,..,..,..,..,..,1.13,..,..
"Unemployment, total (% of total labor force) (national estimate)",SL.UEM.TOTL.NE.ZS,Channel Islands,CHI,..,..,..,..,..,..,..,..,..,..,..,..
"Unemployment, total (% of total labor force) (national estimate)",SL.UEM.TOTL.NE.ZS,Chile,CHL,5.63,10.49,7.34,6.66,6.21,6.66,6.51,6.74,6.96,7.23,7.29,11.18
"Unemployment, total (% of total labor force) (national estimate)",SL.UEM.TOTL.NE.ZS,China,CHN,2.5,3.1,4.1,4.1,4.05,4.1,..,..,3.9,3.8,5.15,..
"Unemployment, total (% of total labor force) (national estimate)",SL.UEM.TOTL.NE.ZS,Colombia,COL,..,20.52,10.11,9.74,9.05,8.57,8.3,8.69,8.87,9.11,9.96,15.04
"Unemployment, total (% of total labor force) (national estimate)",SL.UEM.TOTL.NE.ZS,Comoros,COM,..,..,..,..,..,8.14,..,..,..,..,..,..
"Unemployment, total (% of total labor force) (national estimate)",SL.UEM.TOTL.NE.ZS,"Congo, Dem. Rep.",COD,..,..,..,4.49,..,..,..,..,..,..,..,..
"Unemployment, total (% of total labor force) (national estimate)",SL.UEM.TOTL.NE.ZS,"Congo, Rep.",COG,..,..,..,10,..,..,..,..,..,..,..,..
"Unemployment, total (% of total labor force) (national estimate)",SL.UEM.TOTL.NE.ZS,Costa Rica,CRI,4.51,5.08,10.14,9.78,8.77,9.06,9,8.6,8.14,9.63,11.49,17.41
"Unemployment, total (% of total labor force) (national estimate)",SL.UEM.TOTL.NE.ZS,Cote d'Ivoire,CIV,..,..,..,7.22,4.25,..,..,2.6,3.27,..,..,..
"Unemployment, total (% of total labor force) (national estimate)",SL.UEM.TOTL.NE.ZS,Croatia,HRV,..,16.06,13.68,15.93,17.25,17.29,16.18,13.1,11.21,8.43,6.62,7.51
"Unemployment, total (% of total labor force) (national estimate)",SL.UEM.TOTL.NE.ZS,Cuba,CUB,..,5.45,3.18,3.46,3.29,2.7,2.4,2,1.7,1.7,..,..
"Unemployment, total (% of total labor force) (national estimate)",SL.UEM.TOTL.NE.ZS,Curacao,CUW,..,..,9.78,..,13.03,12.61,11.71,..,..,13.43,..,..
"Unemployment, total (% of total labor force) (national estimate)",SL.UEM.TOTL.NE.ZS,Cyprus,CYP,1.8,4.97,7.86,11.8,15.87,16.09,14.91,12.95,11.05,8.37,7.07,7.59
"Unemployment, total (% of total labor force) (national estimate)",SL.UEM.TOTL.NE.ZS,Czech Republic,CZE,0.7,8.76,6.71,6.98,6.95,6.11,5.05,3.95,2.89,2.24,2.01,2.55
"Unemployment, total (% of total labor force) (national estimate)",SL.UEM.TOTL.NE.ZS,Denmark,DNK,8.34,4.48,7.77,7.8,7.38,6.93,6.28,5.99,5.83,5.13,5.02,5.64
"Unemployment, total (% of total labor force) (national estimate)",SL.UEM.TOTL.NE.ZS,Djibouti,DJI,..,..,..,..,..,..,..,..,26.06,..,..,..
"Unemployment, total (% of total labor force) (national estimate)",SL.UEM.TOTL.NE.ZS,Dominica,DMA,..,..,..,..,..,..,..,..,..,..,..,..
"Unemployment, total (% of total labor force) (national estimate)",SL.UEM.TOTL.NE.ZS,Dominican Republic,DOM,..,6.43,6.09,6.72,7.35,6.72,7.61,7.28,5.83,5.86,6.36,..
"Unemployment, total (% of total labor force) (national estimate)",SL.UEM.TOTL.NE.ZS,Ecuador,ECU,5.88,4.8,3.46,3.23,3.08,3.48,3.62,4.6,3.84,3.53,3.81,6.11
"Unemployment, total (% of total labor force) (national estimate)",SL.UEM.TOTL.NE.ZS,"Egypt, Arab Rep.",EGY,8.43,8.98,11.85,12.6,13.15,13.1,13.05,12.41,11.74,9.82,7.84,..
"Unemployment, total (% of total labor force) (national estimate)",SL.UEM.TOTL.NE.ZS,El Salvador,SLV,9.96,6.96,4.3,3.84,3.69,4.15,4,4.42,4.39,4.01,4.17,..
"Unemployment, total (% of total labor force) (national estimate)",SL.UEM.TOTL.NE.ZS,Equatorial Guinea,GNQ,..,..,..,..,..,..,..,..,..,..,..,..
"Unemployment, total (% of total labor force) (national estimate)",SL.UEM.TOTL.NE.ZS,Eritrea,ERI,..,..,..,..,..,..,..,..,..,..,..,..
"Unemployment, total (% of total labor force) (national estimate)",SL.UEM.TOTL.NE.ZS,Estonia,EST,0.64,13.36,12.33,10.02,8.63,7.35,6.19,6.76,5.76,5.37,4.45,6.8
"Unemployment, total (% of total labor force) (national estimate)",SL.UEM.TOTL.NE.ZS,Eswatini,SWZ,..,..,..,..,..,..,..,22.72,..,..,..,..
"Unemployment, total (% of total labor force) (national estimate)",SL.UEM.TOTL.NE.ZS,Ethiopia,ETH,..,..,..,..,2.25,..,..,..,..,..,..,..
"Unemployment, total (% of total labor force) (national estimate)",SL.UEM.TOTL.NE.ZS,Faroe Islands,FRO,..,4.17,..,..,..,..,..,..,..,..,..,..
"Unemployment, total (% of total labor force) (national estimate)",SL.UEM.TOTL.NE.ZS,Fiji,FJI,..,..,4.41,9,..,6.17,..,4.32,..,..,..,..
"Unemployment, total (% of total labor force) (national estimate)",SL.UEM.TOTL.NE.ZS,Finland,FIN,3.07,11.13,7.78,7.69,8.19,8.66,9.38,8.82,8.64,7.36,6.69,7.76
"Unemployment, total (% of total labor force) (national estimate)",SL.UEM.TOTL.NE.ZS,France,FRA,9.36,10.22,8.81,9.4,9.92,10.29,10.35,10.05,9.41,9.02,8.41,8.01
"Unemployment, total (% of total labor force) (national estimate)",SL.UEM.TOTL.NE.ZS,French Polynesia,PYF,..,..,..,..,..,..,..,..,..,..,..,..
"Unemployment, total (% of total labor force) (national estimate)",SL.UEM.TOTL.NE.ZS,Gabon,GAB,..,..,..,..,..,..,..,..,..,..,..,..
"Unemployment, total (% of total labor force) (national estimate)",SL.UEM.TOTL.NE.ZS,"Gambia, The",GMB,..,..,..,9.42,..,..,..,..,..,10.16,..,..
"Unemployment, total (% of total labor force) (national estimate)",SL.UEM.TOTL.NE.ZS,Georgia,GEO,..,10.82,19.63,19.65,19.42,17.44,16.51,16.6,13.94,12.67,11.57,18.5
"Unemployment, total (% of total labor force) (national estimate)",SL.UEM.TOTL.NE.ZS,Germany,DEU,4.89,7.92,5.82,5.38,5.23,4.98,4.62,4.12,3.75,3.38,3.14,3.81
"Unemployment, total (% of total labor force) (national estimate)",SL.UEM.TOTL.NE.ZS,Ghana,GHA,..,10.46,..,..,2.17,..,6.81,..,4.22,..,..,..
"Unemployment, total (% of total labor force) (national estimate)",SL.UEM.TOTL.NE.ZS,Gibraltar,GIB,..,..,..,..,..,..,..,..,..,..,..,..
"Unemployment, total (% of total labor force) (national estimate)",SL.UEM.TOTL.NE.ZS,Greece,GRC,7.02,11.25,17.86,24.44,27.47,26.49,24.9,23.54,21.49,19.29,17.31,16.3
"Unemployment, total (% of total labor force) (national estimate)",SL.UEM.TOTL.NE.ZS,Greenland,GRL,..,11.02,9.4,9.8,10.1,10.3,9.1,..,..,..,..,..
"Unemployment, total (% of total labor force) (national estimate)",SL.UEM.TOTL.NE.ZS,Grenada,GRD,..,..,..,..,24.2,24.5,22.9,..,..,..,..,..
"Unemployment, total (% of total labor force) (national estimate)",SL.UEM.TOTL.NE.ZS,Guam,GUM,2.83,15.32,13.3,12.2,11.5,7.6,6.9,5.4,..,..,..,..
"Unemployment, total (% of total labor force) (national estimate)",SL.UEM.TOTL.NE.ZS,Guatemala,GTM,..,..,4.13,2.76,3.02,2.72,2.51,2.58,2.46,2.28,2.19,..
"Unemployment, total (% of total labor force) (national estimate)",SL.UEM.TOTL.NE.ZS,Guinea,GIN,..,..,..,..,..,..,..,..,..,..,5.02,..
"Unemployment, total (% of total labor force) (national estimate)",SL.UEM.TOTL.NE.ZS,Guinea-Bissau,GNB,..,..,..,..,..,..,..,..,..,..,..,..
"Unemployment, total (% of total labor force) (national estimate)",SL.UEM.TOTL.NE.ZS,Guyana,GUY,..,..,..,..,..,..,..,..,..,14.02,..,..
"Unemployment, total (% of total labor force) (national estimate)",SL.UEM.TOTL.NE.ZS,Haiti,HTI,11.25,..,..,14.1,..,..,..,..,..,..,..,..
"Unemployment, total (% of total labor force) (national estimate)",SL.UEM.TOTL.NE.ZS,Honduras,HND,4.78,..,4.47,3.75,5.65,7.08,6.15,6.73,5.53,5.65,5.7,..
"Unemployment, total (% of total labor force) (national estimate)",SL.UEM.TOTL.NE.ZS,"Hong Kong SAR, China",HKG,1.32,4.92,3.42,3.29,3.4,3.3,3.31,3.39,3.13,2.82,2.93,5.83
"Unemployment, total (% of total labor force) (national estimate)",SL.UEM.TOTL.NE.ZS,Hungary,HUN,1.7,6.56,11.03,11,10.18,7.73,6.81,5.11,4.16,3.71,3.42,4.25
"Unemployment, total (% of total labor force) (national estimate)",SL.UEM.TOTL.NE.ZS,Iceland,ISL,..,1.94,7.03,6,5.38,4.9,3.98,2.98,2.74,2.7,3.51,5.48
"Unemployment, total (% of total labor force) (national estimate)",SL.UEM.TOTL.NE.ZS,India,IND,..,2.73,..,2.69,..,..,..,..,..,5.33,5.27,..
"Unemployment, total (% of total labor force) (national estimate)",SL.UEM.TOTL.NE.ZS,Indonesia,IDN,2.54,6.08,5.15,4.47,4.34,4.05,4.51,4.3,3.88,4.4,3.62,4.28
"Unemployment, total (% of total labor force) (national estimate)",SL.UEM.TOTL.NE.ZS,"Iran, Islamic Rep.",IRN,..,..,12.4499998092651,12.6300001144409,10.44,10.57,11.06,12.66,12.23,12.19,10.74,..
"Unemployment, total (% of total labor force) (national estimate)",SL.UEM.TOTL.NE.ZS,Iraq,IRQ,..,..,..,7.96,..,10.59,..,10.82,13.02,..,..,..
"Unemployment, total (% of total labor force) (national estimate)",SL.UEM.TOTL.NE.ZS,Ireland,IRL,14.09,4.32,15.35,15.45,13.73,11.86,9.91,8.37,6.71,5.74,4.95,5.62
"Unemployment, total (% of total labor force) (national estimate)",SL.UEM.TOTL.NE.ZS,Isle of Man,IMN,2.1,0.6,3.3,..,2.6,1.98,..,2.67,..,..,..,..
"Unemployment, total (% of total labor force) (national estimate)",SL.UEM.TOTL.NE.ZS,Israel,ISR,12.24,11.1,7.14,6.86,6.21,5.89,5.25,4.8,4.22,4,3.8,..
"Unemployment, total (% of total labor force) (national estimate)",SL.UEM.TOTL.NE.ZS,Italy,ITA,9.79,10.84,8.36,10.65,12.15,12.68,11.9,11.69,11.21,10.61,9.95,9.16
"Unemployment, total (% of total labor force) (national estimate)",SL.UEM.TOTL.NE.ZS,Jamaica,JAM,15.72,15.54,12.7,13.93,15.25,13.74,13.51,13.19,11.63,9.1,7.72,..
"Unemployment, total (% of total labor force) (national estimate)",SL.UEM.TOTL.NE.ZS,Japan,JPN,2.1,4.7,4.52,4.3,4,3.6,3.4,3.1,2.8,2.4,2.4,2.8
"Unemployment, total (% of total labor force) (national estimate)",SL.UEM.TOTL.NE.ZS,Jordan,JOR,..,13.7,12.9,12.2,12.6,11.9,13.08,15.28,18.14,18.27,16.81,..
"Unemployment, total (% of total labor force) (national estimate)",SL.UEM.TOTL.NE.ZS,Kazakhstan,KAZ,..,12.75,5.39,5.29,5.2,5.06,4.93,4.96,4.9,4.85,4.8,4.89
"Unemployment, total (% of total labor force) (national estimate)",SL.UEM.TOTL.NE.ZS,Kenya,KEN,..,..,..,..,..,..,..,2.76,..,..,5.01,..
"Unemployment, total (% of total labor force) (national estimate)",SL.UEM.TOTL.NE.ZS,Kiribati,KIR,..,..,..,..,..,..,9.33,..,..,..,8.6,..
"Unemployment, total (% of total labor force) (national estimate)",SL.UEM.TOTL.NE.ZS,"Korea, Dem. People's Rep.",PRK,..,..,..,..,..,..,..,..,..,..,..,..
"Unemployment, total (% of total labor force) (national estimate)",SL.UEM.TOTL.NE.ZS,"Korea, Rep.",KOR,2.45,4.06,2.99,2.81,2.75,3.08,3.55,3.65,3.65,3.82,3.75,3.93
"Unemployment, total (% of total labor force) (national estimate)",SL.UEM.TOTL.NE.ZS,Kosovo,XKX,..,..,..,30.88,..,35.15,32.93,27.47,30.34,29.42,25.56,..
"Unemployment, total (% of total labor force) (national estimate)",SL.UEM.TOTL.NE.ZS,Kuwait,KWT,..,0.8,..,..,..,2.9,2.2,2.16,..,..,..,..
"Unemployment, total (% of total labor force) (national estimate)",SL.UEM.TOTL.NE.ZS,Kyrgyz Republic,KGZ,..,7.54,8.53,8.43,8.33,8.05,7.56,7.21,6.89,4.54,..,..
"Unemployment, total (% of total labor force) (national estimate)",SL.UEM.TOTL.NE.ZS,Lao PDR,LAO,..,..,..,..,..,..,..,..,9.41,..,..,..
"Unemployment, total (% of total labor force) (national estimate)",SL.UEM.TOTL.NE.ZS,Latvia,LVA,..,14.21,16.21,15.05,11.87,10.85,9.87,9.64,8.72,7.41,6.31,8.1
"Unemployment, total (% of total labor force) (national estimate)",SL.UEM.TOTL.NE.ZS,Lebanon,LBN,..,..,..,..,..,..,..,..,..,..,11.35,..
"Unemployment, total (% of total labor force) (national estimate)",SL.UEM.TOTL.NE.ZS,Lesotho,LSO,..,..,..,..,24.58,..,..,..,..,..,22.44,..
"Unemployment, total (% of total labor force) (national estimate)",SL.UEM.TOTL.NE.ZS,Liberia,LBR,..,..,..,19.52,..,2.08,2.08,3.08,..,..,..,..
"Unemployment, total (% of total labor force) (national estimate)",SL.UEM.TOTL.NE.ZS,Libya,LBY,..,..,..,19.03,..,..,..,..,..,..,..,..
"Unemployment, total (% of total labor force) (national estimate)",SL.UEM.TOTL.NE.ZS,Liechtenstein,LIE,0.15,1.27,..,..,..,..,..,..,..,..,..,..
"Unemployment, total (% of total labor force) (national estimate)",SL.UEM.TOTL.NE.ZS,Lithuania,LTU,..,15.93,15.39,13.36,11.77,10.7,9.12,7.86,7.07,6.15,6.26,8.49
"Unemployment, total (% of total labor force) (national estimate)",SL.UEM.TOTL.NE.ZS,Luxembourg,LUX,1.61,2.35,4.9,5.14,5.85,5.85,6.67,6.29,5.52,5.59,5.59,6.77
"Unemployment, total (% of total labor force) (national estimate)",SL.UEM.TOTL.NE.ZS,"Macao SAR, China",MAC,..,6.87,2.56,1.97,1.82,1.7,1.81,1.94,1.99,1.83,1.75,2.57
"Unemployment, total (% of total labor force) (national estimate)",SL.UEM.TOTL.NE.ZS,Madagascar,MDG,..,5.8,..,0.6,..,..,1.79,..,..,..,..,..
"Unemployment, total (% of total labor force) (national estimate)",SL.UEM.TOTL.NE.ZS,Malawi,MWI,..,..,1.74,..,5.95,..,..,..,5.76,..,..,..
"Unemployment, total (% of total labor force) (national estimate)",SL.UEM.TOTL.NE.ZS,Malaysia,MYS,4.5,3,3.09,3.1,3.16,2.88,3.1,3.44,3.41,3.3,3.26,..
"Unemployment, total (% of total labor force) (national estimate)",SL.UEM.TOTL.NE.ZS,Maldives,MDV,..,1.97,..,..,..,3.85,..,6.12,..,..,5.34,..
"Unemployment, total (% of total labor force) (national estimate)",SL.UEM.TOTL.NE.ZS,Mali,MLI,..,..,6.9,..,6.35,6.38,7.73,1.37,7.41,1.62,..,..
"Unemployment, total (% of total labor force) (national estimate)",SL.UEM.TOTL.NE.ZS,Malta,MLT,3.9,6.32,6.38,6.2,6.11,5.72,5.38,4.69,4,3.66,3.62,4.26
"Unemployment, total (% of total labor force) (national estimate)",SL.UEM.TOTL.NE.ZS,Marshall Islands,MHL,..,..,4.74,..,..,..,..,..,..,..,6.43,..
"Unemployment, total (% of total labor force) (national estimate)",SL.UEM.TOTL.NE.ZS,Mauritania,MRT,..,..,..,9.86,..,..,..,..,10.34,..,..,..
"Unemployment, total (% of total labor force) (national estimate)",SL.UEM.TOTL.NE.ZS,Mauritius,MUS,..,..,7.45,7.47,7.32,7.47,7.41,6.81,6.75,6.43,6.33,..
"Unemployment, total (% of total labor force) (national estimate)",SL.UEM.TOTL.NE.ZS,Mexico,MEX,..,2.65,5.17,4.89,4.91,4.81,4.31,3.86,3.42,3.28,3.48,4.45
"Unemployment, total (% of total labor force) (national estimate)",SL.UEM.TOTL.NE.ZS,"Micronesia, Fed. Sts.",FSM,..,..,..,..,..,8.86,..,..,..,..,..,..
"Unemployment, total (% of total labor force) (national estimate)",SL.UEM.TOTL.NE.ZS,Moldova,MDA,..,8.46,6.68,5.58,5.1,3.73,4.7,4.02,4.1,4.11,5.1,3.82
"Unemployment, total (% of total labor force) (national estimate)",SL.UEM.TOTL.NE.ZS,Monaco,MCO,..,3.6,..,..,..,..,..,6.33,..,..,..,..
"Unemployment, total (% of total labor force) (national estimate)",SL.UEM.TOTL.NE.ZS,Mongolia,MNG,..,..,4.77,3.9,4.23,4.8,4.86,7.24,6.36,5.38,10.03,7.01
"Unemployment, total (% of total labor force) (national estimate)",SL.UEM.TOTL.NE.ZS,Montenegro,MNE,..,..,19.67,19.97,19.5,18,17.54,17.72,16.07,15.17,15.12,17.9
"Unemployment, total (% of total labor force) (national estimate)",SL.UEM.TOTL.NE.ZS,Morocco,MAR,15.8,13.58,8.91,8.99,9.23,9.7,9.46,9.3,..,..,..,..
"Unemployment, total (% of total labor force) (national estimate)",SL.UEM.TOTL.NE.ZS,Mozambique,MOZ,..,..,..,..,..,..,3.43,..,..,..,..,..
"Unemployment, total (% of total labor force) (national estimate)",SL.UEM.TOTL.NE.ZS,Myanmar,MMR,6,..,..,..,..,..,0.77,..,1.56,0.87,0.5,..
"Unemployment, total (% of total labor force) (national estimate)",SL.UEM.TOTL.NE.ZS,Namibia,NAM,..,20.3,..,16.77,19.03,18.52,..,23.35,..,19.88,..,..
"Unemployment, total (% of total labor force) (national estimate)",SL.UEM.TOTL.NE.ZS,Nauru,NRU,..,..,22.96,..,13.28,..,..,..,..,..,..,..
"Unemployment, total (% of total labor force) (national estimate)",SL.UEM.TOTL.NE.ZS,Nepal,NPL,..,..,..,..,..,..,3.1,..,11.36,..,..,..
"Unemployment, total (% of total labor force) (national estimate)",SL.UEM.TOTL.NE.ZS,Netherlands,NLD,7.67,2.73,4.98,5.82,7.24,7.42,6.87,6.01,4.84,3.83,3.38,3.82
"Unemployment, total (% of total labor force) (national estimate)",SL.UEM.TOTL.NE.ZS,New Caledonia,NCL,..,..,..,..,..,14.59,..,..,..,..,..,..
"Unemployment, total (% of total labor force) (national estimate)",SL.UEM.TOTL.NE.ZS,New Zealand,NZL,7.98,6.13,6.49,6.93,5.77,5.37,5.41,5.08,4.7,4.33,4.11,4.59
"Unemployment, total (% of total labor force) (national estimate)",SL.UEM.TOTL.NE.ZS,Nicaragua,NIC,..,..,..,5.21,5.28,4.52,4.7,3.9,3.3,5.2,..,..
"Unemployment, total (% of total labor force) (national estimate)",SL.UEM.TOTL.NE.ZS,Niger,NER,..,..,0.32,2.18,..,0.52,..,..,7.77,..,..,..
"Unemployment, total (% of total labor force) (national estimate)",SL.UEM.TOTL.NE.ZS,Nigeria,NGA,..,..,3.77,..,3.7,4.56,4.31,7.06,8.39,..,8.53,..
"Unemployment, total (% of total labor force) (national estimate)",SL.UEM.TOTL.NE.ZS,North Macedonia,MKD,23.6,32.2,31.38,31.02,29,28.03,26.07,23.72,22.38,20.74,17.26,17.2
"Unemployment, total (% of total labor force) (national estimate)",SL.UEM.TOTL.NE.ZS,Northern Mariana Islands,MNP,..,3.83,..,..,..,..,..,..,..,..,..,..
"Unemployment, total (% of total labor force) (national estimate)",SL.UEM.TOTL.NE.ZS,Norway,NOR,5.26,3.46,3.21,3.12,3.42,3.48,4.3,4.68,4.16,3.8,3.69,4.42
"Unemployment, total (% of total labor force) (national estimate)",SL.UEM.TOTL.NE.ZS,Oman,OMN,..,..,..,..,..,..,..,3.27,..,1.8,..,..
"Unemployment, total (% of total labor force) (national estimate)",SL.UEM.TOTL.NE.ZS,Pakistan,PAK,1.97,7.16,0.8,..,2.95,1.83,3.57,..,..,4.08,..,..
"Unemployment, total (% of total labor force) (national estimate)",SL.UEM.TOTL.NE.ZS,Palau,PLW,7.76,3.3,..,..,..,1.36,..,..,..,..,..,..
"Unemployment, total (% of total labor force) (national estimate)",SL.UEM.TOTL.NE.ZS,Panama,PAN,11.6,13.53,2.31,2.39,2.3,2.72,3,3.31,3.9,3.89,4.74,18.55
"Unemployment, total (% of total labor force) (national estimate)",SL.UEM.TOTL.NE.ZS,Papua New Guinea,PNG,7.7,2.92,2.62,..,..,..,..,..,..,..,..,..
"Unemployment, total (% of total labor force) (national estimate)",SL.UEM.TOTL.NE.ZS,Paraguay,PRY,5.8,7.61,4.67,4.09,4.38,5.03,4.56,5.25,4.61,6.22,6.59,7.55
"Unemployment, total (% of total labor force) (national estimate)",SL.UEM.TOTL.NE.ZS,Peru,PER,8.6,7.8,3.48,3.24,3.57,3.21,3.27,3.74,3.69,3.49,3.38,7.18
"Unemployment, total (% of total labor force) (national estimate)",SL.UEM.TOTL.NE.ZS,Philippines,PHL,8.13,11.19,3.59,3.5,3.5,3.6,3.07,2.7,2.55,2.34,2.24,..
"Unemployment, total (% of total labor force) (national estimate)",SL.UEM.TOTL.NE.ZS,Poland,POL,..,16.31,9.63,10.09,10.33,8.99,7.5,6.16,4.89,3.85,3.28,3.16
"Unemployment, total (% of total labor force) (national estimate)",SL.UEM.TOTL.NE.ZS,Portugal,PRT,4.64,3.81,12.68,15.53,16.18,13.89,12.44,11.07,8.87,6.99,6.46,6.79
"Unemployment, total (% of total labor force) (national estimate)",SL.UEM.TOTL.NE.ZS,Puerto Rico,PRI,14.52,10.08,15.7,14.5,14.3,13.9,12,11.8,10.8,9.2,8.3,..
"Unemployment, total (% of total labor force) (national estimate)",SL.UEM.TOTL.NE.ZS,Qatar,QAT,..,..,0.56,0.48,0.28,0.2,0.17,0.15,0.14,0.11,0.1,..
"Unemployment, total (% of total labor force) (national estimate)",SL.UEM.TOTL.NE.ZS,Romania,ROU,..,6.97,7.18,6.79,7.1,6.8,6.81,5.9,4.93,4.19,3.91,5.03
"Unemployment, total (% of total labor force) (national estimate)",SL.UEM.TOTL.NE.ZS,Russian Federation,RUS,..,10.58,6.54,5.44,5.46,5.16,5.57,5.56,5.21,4.85,4.5,5.59
"Unemployment, total (% of total labor force) (national estimate)",SL.UEM.TOTL.NE.ZS,Rwanda,RWA,..,..,..,..,..,1.17,..,..,17.36,15.11,15.3,..
"Unemployment, total (% of total labor force) (national estimate)",SL.UEM.TOTL.NE.ZS,Samoa,WSM,..,..,5.68,8.75,..,8.72,..,..,14.47,..,..,..
"Unemployment, total (% of total labor force) (national estimate)",SL.UEM.TOTL.NE.ZS,San Marino,SMR,5.5,2.8,5.06,5.19,6.08,6.61,7.38,6.45,..,..,5.8,..
"Unemployment, total (% of total labor force) (national estimate)",SL.UEM.TOTL.NE.ZS,Sao Tome and Principe,STP,..,14.4,..,13.59,..,..,..,..,..,..,..,..
"Unemployment, total (% of total labor force) (national estimate)",SL.UEM.TOTL.NE.ZS,Saudi Arabia,SAU,..,4.57,5.77,5.52,5.57,5.72,5.59,5.65,5.89,6.04,..,..
"Unemployment, total (% of total labor force) (national estimate)",SL.UEM.TOTL.NE.ZS,Senegal,SEN,..,..,10.36,..,..,..,6.76,4.39,3.64,..,..,..
"Unemployment, total (% of total labor force) (national estimate)",SL.UEM.TOTL.NE.ZS,Serbia,SRB,..,12.6,22.97,24,22.15,19.22,17.66,15.26,13.48,12.73,10.39,9.01
"Unemployment, total (% of total labor force) (national estimate)",SL.UEM.TOTL.NE.ZS,Seychelles,SYC,..,..,4.11,..,..,3.84,4.15,3.96,3.71,3.53,2.97,..
"Unemployment, total (% of total labor force) (national estimate)",SL.UEM.TOTL.NE.ZS,Sierra Leone,SLE,..,..,..,..,..,4.68,..,..,..,..,..,..
"Unemployment, total (% of total labor force) (national estimate)",SL.UEM.TOTL.NE.ZS,Singapore,SGP,..,3.7,3.89,3.72,3.86,3.74,3.79,4.08,4.2,..,3.1,..
"Unemployment, total (% of total labor force) (national estimate)",SL.UEM.TOTL.NE.ZS,Sint Maarten (Dutch part),SXM,..,..,..,..,..,..,..,..,..,..,..,..
"Unemployment, total (% of total labor force) (national estimate)",SL.UEM.TOTL.NE.ZS,Slovak Republic,SVK,..,19.06,13.62,13.96,14.22,13.18,11.48,9.67,8.13,6.54,5.75,6.69
"Unemployment, total (% of total labor force) (national estimate)",SL.UEM.TOTL.NE.ZS,Slovenia,SVN,..,6.92,8.17,8.84,10.1,9.67,8.96,8,6.56,5.11,4.45,4.97
"Unemployment, total (% of total labor force) (national estimate)",SL.UEM.TOTL.NE.ZS,Solomon Islands,SLB,..,..,..,..,0.69,..,..,..,..,..,..,..
"Unemployment, total (% of total labor force) (national estimate)",SL.UEM.TOTL.NE.ZS,Somalia,SOM,..,..,..,..,..,..,..,..,..,..,..,..
"Unemployment, total (% of total labor force) (national estimate)",SL.UEM.TOTL.NE.ZS,South Africa,ZAF,..,29.88,24.64,24.73,24.56,24.89,25.15,26.54,27.04,26.91,28.47,29.22
"Unemployment, total (% of total labor force) (national estimate)",SL.UEM.TOTL.NE.ZS,South Sudan,SSD,..,..,..,..,..,..,..,..,..,..,..,..
"Unemployment, total (% of total labor force) (national estimate)",SL.UEM.TOTL.NE.ZS,Spain,ESP,16.27,13.79,21.39,24.79,26.09,24.44,22.06,19.63,17.22,15.25,14.1,15.53
"Unemployment, total (% of total labor force) (national estimate)",SL.UEM.TOTL.NE.ZS,Sri Lanka,LKA,15.9,7.74,4.12,3.88,4.24,4.19,4.52,4.24,4.05,4.32,4.79,..
"Unemployment, total (% of total labor force) (national estimate)",SL.UEM.TOTL.NE.ZS,St. Kitts and Nevis,KNA,..,..,..,..,..,..,..,..,..,..,..,..
"Unemployment, total (% of total labor force) (national estimate)",SL.UEM.TOTL.NE.ZS,St. Lucia,LCA,..,16.49,18.86,19.06,22.21,..,..,..,18.86,19.08,15.32,..
"Unemployment, total (% of total labor force) (national estimate)",SL.UEM.TOTL.NE.ZS,St. Martin (French part),MAF,..,..,..,..,..,..,..,..,..,..,..,..
"Unemployment, total (% of total labor force) (national estimate)",SL.UEM.TOTL.NE.ZS,St. Vincent and the Grenadines,VCT,..,..,..,..,..,..,..,..,..,..,..,..
"Unemployment, total (% of total labor force) (national estimate)",SL.UEM.TOTL.NE.ZS,Sudan,SDN,..,..,17.44,..,..,..,..,..,..,..,..,..
"Unemployment, total (% of total labor force) (national estimate)",SL.UEM.TOTL.NE.ZS,Suriname,SUR,15.65,..,7.54,8.1,6.6,6.94,7.22,7.92,..,..,..,..
"Unemployment, total (% of total labor force) (national estimate)",SL.UEM.TOTL.NE.ZS,Sweden,SWE,1.83,5.47,7.8,7.98,8.05,7.95,7.43,6.99,6.72,6.36,6.83,8.29
"Unemployment, total (% of total labor force) (national estimate)",SL.UEM.TOTL.NE.ZS,Switzerland,CHE,2.07,2.67,4.4,4.48,4.75,4.83,4.8,4.92,4.8,4.71,4.39,4.82
"Unemployment, total (% of total labor force) (national estimate)",SL.UEM.TOTL.NE.ZS,Syrian Arab Republic,SYR,..,..,..,..,..,..,..,..,..,..,..,..
"Unemployment, total (% of total labor force) (national estimate)",SL.UEM.TOTL.NE.ZS,Tajikistan,TJK,..,2.7,..,..,..,..,..,6.9,..,..,..,..
"Unemployment, total (% of total labor force) (national estimate)",SL.UEM.TOTL.NE.ZS,Tanzania,TZA,..,..,3.47,..,2.93,2.12,..,..,..,..,..,..
"Unemployment, total (% of total labor force) (national estimate)",SL.UEM.TOTL.NE.ZS,Thailand,THA,2.21,2.39,0.66,0.58,0.25,0.58,0.6,0.69,0.83,0.77,0.72,1.1
"Unemployment, total (% of total labor force) (national estimate)",SL.UEM.TOTL.NE.ZS,Timor-Leste,TLS,..,..,..,..,10.99,..,..,4.66,..,..,..,..
"Unemployment, total (% of total labor force) (national estimate)",SL.UEM.TOTL.NE.ZS,Togo,TGO,..,..,1.98,..,..,5.47,2.2,..,3.74,..,..,..
"Unemployment, total (% of total labor force) (national estimate)",SL.UEM.TOTL.NE.ZS,Tonga,TON,4.16,..,..,..,..,..,..,..,..,3.07,..,..
"Unemployment, total (% of total labor force) (national estimate)",SL.UEM.TOTL.NE.ZS,Trinidad and Tobago,TTO,19.87,12.1,3.43,3.72,2.68,2.48,2.43,3.21,..,..,..,..
"Unemployment, total (% of total labor force) (national estimate)",SL.UEM.TOTL.NE.ZS,Tunisia,TUN,..,14.94,18.33,17.63,15.93,..,15.16,15.56,15.33,15.46,15.13,..
"Unemployment, total (% of total labor force) (national estimate)",SL.UEM.TOTL.NE.ZS,Turkey,TUR,8.02,6.5,8.8,8.15,8.73,9.88,10.24,10.84,10.82,10.89,13.67,13.11
"Unemployment, total (% of total labor force) (national estimate)",SL.UEM.TOTL.NE.ZS,Turkmenistan,TKM,..,..,..,..,..,..,..,..,..,..,..,..
"Unemployment, total (% of total labor force) (national estimate)",SL.UEM.TOTL.NE.ZS,Turks and Caicos Islands,TCA,..,..,..,..,..,..,..,..,..,..,..,..
"Unemployment, total (% of total labor force) (national estimate)",SL.UEM.TOTL.NE.ZS,Tuvalu,TUV,..,..,..,..,..,..,..,8.49,..,..,..,..
"Unemployment, total (% of total labor force) (national estimate)",SL.UEM.TOTL.NE.ZS,Uganda,UGA,..,..,..,3.55,1.91,..,..,..,10.09,..,..,..
"Unemployment, total (% of total labor force) (national estimate)",SL.UEM.TOTL.NE.ZS,Ukraine,UKR,..,11.71,7.85,7.53,7.17,9.27,9.14,9.35,9.5,8.8,8.19,..
"Unemployment, total (% of total labor force) (national estimate)",SL.UEM.TOTL.NE.ZS,United Arab Emirates,ARE,..,2.25,..,..,..,..,..,1.64,2.46,..,2.23,..
"Unemployment, total (% of total labor force) (national estimate)",SL.UEM.TOTL.NE.ZS,United Kingdom,GBR,6.97,5.56,8.04,7.88,7.52,6.11,5.3,4.81,4.33,4,3.74,..
"Unemployment, total (% of total labor force) (national estimate)",SL.UEM.TOTL.NE.ZS,United States,USA,5.6,3.99,8.95,8.07,7.37,6.17,5.28,4.87,4.36,3.9,3.67,8.05
"Unemployment, total (% of total labor force) (national estimate)",SL.UEM.TOTL.NE.ZS,Uruguay,URY,8.53,12.63,6.31,6.45,6.44,6.55,7.49,7.84,7.89,8.34,8.88,10.35
"Unemployment, total (% of total labor force) (national estimate)",SL.UEM.TOTL.NE.ZS,Uzbekistan,UZB,..,0.4,5,4.9,4.9,5.1,5.2,5.2,5.8,9.3,9,..
"Unemployment, total (% of total labor force) (national estimate)",SL.UEM.TOTL.NE.ZS,Vanuatu,VUT,..,..,..,..,..,..,..,..,..,..,7.94,..
"Unemployment, total (% of total labor force) (national estimate)",SL.UEM.TOTL.NE.ZS,"Venezuela, RB",VEN,13.96,13.9899997711182,6.9,6.6,7.53999996185303,..,..,5.32,5.05,..,..,..
"Unemployment, total (% of total labor force) (national estimate)",SL.UEM.TOTL.NE.ZS,Vietnam,VNM,..,2.26,1,1.03,1.32,1.26,1.85,1.85,1.87,1.16,2.04,2.39
"Unemployment, total (% of total labor force) (national estimate)",SL.UEM.TOTL.NE.ZS,Virgin Islands (U.S.),VIR,..,..,..,..,..,..,..,..,..,..,..,..
"Unemployment, total (% of total labor force) (national estimate)",SL.UEM.TOTL.NE.ZS,West Bank and Gaza,PSE,..,10.63,17.6,19.2,19.89,20.53,23,23.94,25.68,26.26,25.34,25.89
"Unemployment, total (% of total labor force) (national estimate)",SL.UEM.TOTL.NE.ZS,"Yemen, Rep.",YEM,..,..,..,..,..,13.47,..,..,..,..,..,..
"Unemployment, total (% of total labor force) (national estimate)",SL.UEM.TOTL.NE.ZS,Zambia,ZMB,15,12.93,..,7.85,..,..,..,..,11.63,12.01,12.52,..
"Unemployment, total (% of total labor force) (national estimate)",SL.UEM.TOTL.NE.ZS,Zimbabwe,ZWE,..,..,5.37,..,..,4.77,..,..,..,..,16.86,..
"Unemployment, total (% of total labor force) (national estimate)",SL.UEM.TOTL.NE.ZS,Africa Eastern and Southern,AFE,..,..,..,..,..,..,..,..,..,..,..,..
"Unemployment, total (% of total labor force) (national estimate)",SL.UEM.TOTL.NE.ZS,Africa Western and Central,AFW,..,..,..,..,..,4.37380962750779,..,..,7.09569456146961,..,..,..
"Unemployment, total (% of total labor force) (national estimate)",SL.UEM.TOTL.NE.ZS,Arab World,ARB,..,..,11.1661922356801,10.5711521620929,..,10.5071381229959,..,9.56101978008087,..,..,..,..
"Unemployment, total (% of total labor force) (national estimate)",SL.UEM.TOTL.NE.ZS,Caribbean small states,CSS,15.6663810387239,14.1268217656445,10.2623042803865,10.975879088043,11.423851874117,10.1071919327319,9.7389956703761,9.80765771016621,..,..,..,..
"Unemployment, total (% of total labor force) (national estimate)",SL.UEM.TOTL.NE.ZS,Central Europe and the Baltics,CEB,..,12.4336520143821,9.78950134034581,9.97719386767341,10.04678070942,8.9497725563513,7.81406197601667,6.4859593091227,5.29502738224311,4.31495143584406,3.77959349454902,4.36732609074357
"Unemployment, total (% of total labor force) (national estimate)",SL.UEM.TOTL.NE.ZS,Early-demographic dividend,EAR,..,5.4696974481857,..,4.79838710726286,..,..,..,..,..,5.92457744668761,6.06377806979185,..
"Unemployment, total (% of total labor force) (national estimate)",SL.UEM.TOTL.NE.ZS,East Asia & Pacific,EAS,2.74769730917864,3.70192638448457,3.90974469996592,3.82832671604032,3.76408457927951,3.76343613098395,..,..,3.55455533312466,3.46696881574689,4.2684334262946,..
"Unemployment, total (% of total labor force) (national estimate)",SL.UEM.TOTL.NE.ZS,East Asia & Pacific (excluding high income),EAP,2.76851496102672,3.59381126164434,3.87141008381089,3.79920467106023,3.74491800152719,3.75854712163784,..,..,3.56796948603483,3.49911181638893,4.40286373690505,..
"Unemployment, total (% of total labor force) (national estimate)",SL.UEM.TOTL.NE.ZS,East Asia & Pacific (IDA & IBRD countries),TEA,2.76851496102672,3.59381126164434,3.87141008381089,3.79920467106023,3.74491800152719,3.75854712163784,..,..,3.56796948603483,3.49911181638893,4.40286373690505,..
"Unemployment, total (% of total labor force) (national estimate)",SL.UEM.TOTL.NE.ZS,Euro area,EMU,8.22606100732818,9.42597312407715,10.1098201876315,11.2888683651464,11.9272314333826,11.6036095605687,10.8379273921593,10.0252449785334,9.06326044715616,8.17903909004741,7.54694833895166,7.84019461578205
"Unemployment, total (% of total labor force) (national estimate)",SL.UEM.TOTL.NE.ZS,Europe & Central Asia,ECS,..,9.26217815531502,8.71211767778374,8.92420952695087,9.15948423781042,8.91449273299156,8.52012542090331,8.10081327596834,7.49484835607846,7.01262167636717,6.78992952652739,7.34785488673331
"Unemployment, total (% of total labor force) (national estimate)",SL.UEM.TOTL.NE.ZS,Europe & Central Asia (excluding high income),ECA,..,9.46160455535901,7.68244997661924,7.07280789345634,7.10456698455256,7.30698689930447,7.45552680317967,7.54959651935845,7.29824414768339,7.21312221461638,7.40170643936407,7.76922988860457
"Unemployment, total (% of total labor force) (national estimate)",SL.UEM.TOTL.NE.ZS,Europe & Central Asia (IDA & IBRD countries),TEC,..,10.148220844558,7.91279736204853,7.42558316159975,7.48533134047242,7.55055740731994,7.5396378688285,7.47581909974295,7.11802861095165,6.92514009100923,7.02462948847719,7.21988449465854
"Unemployment, total (% of total labor force) (national estimate)",SL.UEM.TOTL.NE.ZS,European Union,EUU,7.42938761891029,9.82492955827533,9.83845279939897,10.8071226142718,11.3284854974883,10.8477781293617,10.0245061599842,9.12151057835109,8.14014318877476,7.26622986336537,6.69394262414817,7.05000857536204
"Unemployment, total (% of total labor force) (national estimate)",SL.UEM.TOTL.NE.ZS,Fragile and conflict affected situations,FCS,..,..,..,..,..,..,..,..,..,..,..,..
"Unemployment, total (% of total labor force) (national estimate)",SL.UEM.TOTL.NE.ZS,Heavily indebted poor countries (HIPC),HPC,..,..,..,..,..,..,..,..,..,..,..,..
"Unemployment, total (% of total labor force) (national estimate)",SL.UEM.TOTL.NE.ZS,High income,HIC,5.7784850129676,6.52622909265168,7.97529707651233,8.01408831833696,7.93341764263288,7.30338934675864,6.69693569259309,6.15608416931075,5.6305360338105,5.14005743135568,4.78583193937677,6.71681386457419
"Unemployment, total (% of total labor force) (national estimate)",SL.UEM.TOTL.NE.ZS,IBRD only,IBD,..,5.13800664289865,5.45343325734629,4.78340137234413,5.29564828113274,5.31067986243678,..,..,5.58708547197087,5.34394797615649,5.80192250257193,..
"Unemployment, total (% of total labor force) (national estimate)",SL.UEM.TOTL.NE.ZS,IDA & IBRD total,IBT,..,5.14753267122165,..,4.77867666459613,5.00530288753316,..,..,..,..,5.30764774941707,5.92146935214778,..
"Unemployment, total (% of total labor force) (national estimate)",SL.UEM.TOTL.NE.ZS,IDA blend,IDB,..,..,2.65890512955108,..,3.49933562544476,3.36657551153174,4.07721291582653,..,..,..,..,..
"Unemployment, total (% of total labor force) (national estimate)",SL.UEM.TOTL.NE.ZS,IDA only,IDX,..,..,..,..,..,..,..,..,..,..,..,..
"Unemployment, total (% of total labor force) (national estimate)",SL.UEM.TOTL.NE.ZS,IDA total,IDA,..,..,..,..,..,..,..,..,..,..,..,..
"Unemployment, total (% of total labor force) (national estimate)",SL.UEM.TOTL.NE.ZS,Late-demographic dividend,LTE,2.99565556402275,4.7140475193328,4.8152425267897,4.75820986512407,4.68719209465534,4.59598643876321,..,..,4.89758556491234,4.71292769543731,5.59198198693121,..
"Unemployment, total (% of total labor force) (national estimate)",SL.UEM.TOTL.NE.ZS,Latin America & Caribbean,LCN,..,..,6.36773824102247,6.39943165879699,6.2300195756946,5.97494840836161,6.45516743464794,7.59492527921837,7.91494062991236,7.92427681399638,8.0932278971922,10.6306064206501
"Unemployment, total (% of total labor force) (national estimate)",SL.UEM.TOTL.NE.ZS,Latin America & Caribbean (excluding high income),LAC,..,..,6.28789538001129,6.35118424275405,6.19062961918207,5.91066857935776,6.42367367721278,7.61104061905278,7.93280556394585,7.93831026026943,8.11497641056179,10.6102854679363
"Unemployment, total (% of total labor force) (national estimate)",SL.UEM.TOTL.NE.ZS,Latin America & the Caribbean (IDA & IBRD countries),TLA,6.00844143173272,..,6.37475475900327,6.40834115556106,6.23806854864214,5.99271394747993,6.50568502192758,7.6793744072315,8.01099107993841,8.02945730405647,8.09228824868564,10.6306064206501
"Unemployment, total (% of total labor force) (national estimate)",SL.UEM.TOTL.NE.ZS,Least developed countries: UN classification,LDC,..,..,..,..,..,..,..,..,..,..,..,..
"Unemployment, total (% of total labor force) (national estimate)",SL.UEM.TOTL.NE.ZS,Low & middle income,LMY,..,5.00548177167595,..,4.71976643612242,..,..,..,..,..,5.30980426307642,5.94509908575523,..
"Unemployment, total (% of total labor force) (national estimate)",SL.UEM.TOTL.NE.ZS,Low income,LIC,..,..,..,..,..,..,..,..,..,..,..,..
"Unemployment, total (% of total labor force) (national estimate)",SL.UEM.TOTL.NE.ZS,Lower middle income,LMC,..,4.87447505843245,..,4.12645462063483,..,..,..,..,..,5.17298451479974,5.36898605209183,..
"Unemployment, total (% of total labor force) (national estimate)",SL.UEM.TOTL.NE.ZS,Middle East & North Africa,MEA,..,..,10.6925807496333,10.8990441030157,10.4482866504056,10.3650053380031,10.4986742957914,10.0449520331026,10.8920961138057,..,..,..
"Unemployment, total (% of total labor force) (national estimate)",SL.UEM.TOTL.NE.ZS,Middle East & North Africa (excluding high income),MNA,..,..,11.7418313814137,11.9795132680377,11.5453834853362,11.5212744506987,11.9454989530399,12.0054753992937,12.9031063290274,..,..,..
"Unemployment, total (% of total labor force) (national estimate)",SL.UEM.TOTL.NE.ZS,Middle East & North Africa (IDA & IBRD countries),TMN,..,..,11.6749486574147,11.9042254521414,11.445912815522,11.4224692610224,11.7996438734798,11.8634567198726,12.7269037717947,..,..,..
"Unemployment, total (% of total labor force) (national estimate)",SL.UEM.TOTL.NE.ZS,Middle income,MIC,..,5.00220944547707,5.13538675062225,4.75699619254769,5.01683012562663,5.03842248001847,..,..,5.60993074015524,5.30537057895813,5.92062500416729,..
"Unemployment, total (% of total labor force) (national estimate)",SL.UEM.TOTL.NE.ZS,North America,NAC,5.86017378231507,4.27221310836943,8.79408832428069,7.98560718635762,7.33722365789598,6.25079976569255,5.45787089131637,5.1021146709019,4.57642436561424,4.11126989646469,3.88949185783606,8.20539750623121
"Unemployment, total (% of total labor force) (national estimate)",SL.UEM.TOTL.NE.ZS,Not classified,INX,..,..,..,..,..,..,..,..,..,..,..,..
"Unemployment, total (% of total labor force) (national estimate)",SL.UEM.TOTL.NE.ZS,OECD members,OED,5.93954145906542,6.76336446309129,8.02160500557383,7.99894952375986,7.91233825536916,7.39507612250937,6.83707586916371,6.42232066888991,5.89504557757821,5.4574076664668,5.39263248309268,7.27236826646338
"Unemployment, total (% of total labor force) (national estimate)",SL.UEM.TOTL.NE.ZS,Other small states,OSS,..,..,..,..,..,..,..,..,..,..,..,..
"Unemployment, total (% of total labor force) (national estimate)",SL.UEM.TOTL.NE.ZS,Pacific island small states,PSS,..,..,..,..,..,..,..,..,..,..,..,..
"Unemployment, total (% of total labor force) (national estimate)",SL.UEM.TOTL.NE.ZS,Post-demographic dividend,PST,5.7342051733033,6.37456768826728,7.94183586840513,7.99584661130393,7.90794418936382,7.38782331800322,6.8204428389383,6.39974866971256,5.83322934505276,5.29149707941631,4.98130543811673,6.84243633908842
"Unemployment, total (% of total labor force) (national estimate)",SL.UEM.TOTL.NE.ZS,Pre-demographic dividend,PRE,..,..,..,..,..,..,..,..,..,..,..,..
"Unemployment, total (% of total labor force) (national estimate)",SL.UEM.TOTL.NE.ZS,Small states,SST,..,..,..,..,..,..,..,..,..,..,..,..
"Unemployment, total (% of total labor force) (national estimate)",SL.UEM.TOTL.NE.ZS,South Asia,SAS,..,3.23899063618638,..,2.69338626264862,..,..,..,..,..,5.156110672145,5.26174712656018,..
"Unemployment, total (% of total labor force) (national estimate)",SL.UEM.TOTL.NE.ZS,South Asia (IDA & IBRD),TSA,..,3.23899063618638,..,2.69338626264862,..,..,..,..,..,5.156110672145,5.26174712656018,..
"Unemployment, total (% of total labor force) (national estimate)",SL.UEM.TOTL.NE.ZS,Sub-Saharan Africa,SSF,..,..,..,..,..,..,..,..,..,..,..,..
"Unemployment, total (% of total labor force) (national estimate)",SL.UEM.TOTL.NE.ZS,Sub-Saharan Africa (excluding high income),SSA,..,..,..,..,..,..,..,..,..,..,..,..
"Unemployment, total (% of total labor force) (national estimate)",SL.UEM.TOTL.NE.ZS,Sub-Saharan Africa (IDA & IBRD countries),TSS,..,..,..,..,..,..,..,..,..,..,..,..
"Unemployment, total (% of total labor force) (national estimate)",SL.UEM.TOTL.NE.ZS,Upper middle income,UMC,3.06386144148611,5.09596758727729,5.20896460561621,5.17989725804245,5.1083070402683,5.1239374451636,..,..,5.56428433603981,5.40379794630965,6.34381613636233,..
"Unemployment, total (% of total labor force) (national estimate)",SL.UEM.TOTL.NE.ZS,World,WLD,..,5.34376281133603,5.84869831592581,5.40501470560734,5.63011783998344,5.58665561996385,..,..,5.70166951117428,5.27429267770931,5.70455536809379,..
,,,,,,,,,,,,,,,
,,,,,,,,,,,,,,,
,,,,,,,,,,,,,,,
Data from database: World Development Indicators,,,,,,,,,,,,,,,
Last Updated: 06/30/2021,,,,,,,,,,,,,,,
